track_name,album_name,playlist_name,track_pos,lyrics
Adagio For Strings,Escala,NO LYRICS!,3,
Chi Mai,Escala,NO LYRICS!,4,"['1', 'ContributorChi', 'Mai', 'LyricsWell', 'wanna', 'tell', 'you', 'Bout', 'my', 'baby', 'my', 'baby', 'I', 'll', 'never', 'never', 'never', 'Leave', 'her', 'no', 'no', 'Loving', 'you', 'loving', 'you', 'Is', 'ectasy', 'to', 'me', 'I', 'could', 'never', 'leave', 'you', 'Never', 'do', 'without', 'your', 'love', 'Oh', 'no', 'oh', 'no', 'No', 'baby', 'no', 'I', 'wanna', 'tell', 'you', 'I', 'never', 'Never', 'leave', 'you', 'baby', 'no', 'no', 'Loving', 'you', 'is', 'ectasy', 'to', 'me', 'And', 'I', 'll', 'never', 'do', 'never', 'do', 'Without', 'your', 'love', 'baby', 'no', 'Your', 'love', 'never', 'baby', 'no', 'I', 'could', 'never', 'do', 'without', 'you', 'Oh', 'no', 'oh', 'no', 'I', 'could', 'never', 'do', 'without', 'you', 'Oh', 'no', 'oh', 'noYou', 'might', 'also', 'likeEmbed']"
Adagio For Strings,Escala,NO LYRICS!,3,
Chi Mai,Escala,NO LYRICS!,4,"['1', 'ContributorChi', 'Mai', 'LyricsWell', 'wanna', 'tell', 'you', 'Bout', 'my', 'baby', 'my', 'baby', 'I', 'll', 'never', 'never', 'never', 'Leave', 'her', 'no', 'no', 'Loving', 'you', 'loving', 'you', 'Is', 'ectasy', 'to', 'me', 'I', 'could', 'never', 'leave', 'you', 'Never', 'do', 'without', 'your', 'love', 'Oh', 'no', 'oh', 'no', 'No', 'baby', 'no', 'I', 'wanna', 'tell', 'you', 'I', 'never', 'Never', 'leave', 'you', 'baby', 'no', 'no', 'Loving', 'you', 'is', 'ectasy', 'to', 'me', 'And', 'I', 'll', 'never', 'do', 'never', 'do', 'Without', 'your', 'love', 'baby', 'no', 'Your', 'love', 'never', 'baby', 'no', 'I', 'could', 'never', 'do', 'without', 'you', 'Oh', 'no', 'oh', 'no', 'I', 'could', 'never', 'do', 'without', 'you', 'Oh', 'no', 'oh', 'noYou', 'might', 'also', 'likeEmbed']"
