track_name,album_name,playlist_name,track_pos,lyrics
3,Skin,seattle,4,
Fantastic,Skin Companion EP II,fresh,4,"['35', 'ContributorsFantastic', 'Lyrics', 'Verse', '1', 'Dave', 'Glass', 'Animals', 'Life', 'is', 'wrapped', 'up', 'in', 'plastics', 'plastics', 'Fuckin', 'fantastic', 'Television', 'show', 'a', 'sitcom', 'classic', 'Fuzzy', 'screen', 'static', 'Bad', 'milk', 'got', 'my', 'Raisin', 'Bran', 'tasting', 'bad', 'Getting', 'fibre', 'tastic', 'Say', 'you', 'll', 'go', 'say', 'you', 're', 'someone', 'imagined', 'Life', 's', 'lookin', 'tragic', 'Instrumental', 'Break', 'Verse', '2', 'Dave', 'Glass', 'Animals', 'Think', 'Finn', 'is', 'the', 'raddest', 'Jake', 'is', 'past', 'it', 'Little', 'yellow', 'bastard', 'Mum', 'again', 'nother', 'boyfriend', 'number', 'ten', 'What', 'a', 'romantic', 'Take', 'a', 'bath', 'it', 's', 'relaxing', 'hands', 'crack', 'Heart', 'is', 'full', 'on', 'acid', 'Jenny', 'bitchin', 'bout', 'her', 'ex', 'again', 'making', 'me', 'Melodramatics', 'Instrumental', 'Break', 'Verse', '3', 'Dave', 'Glass', 'Animals', 'Need', 'a', 'hit', 'need', 'to', 'sip', 'need', 'to', 'get', 'away', 'Intergalactic', 'Warmth', 'fast', 'be', 'escaping', 'me', 'escaping', 'me', 'Life', 'in', 'the', 'attic', 'Once', 'stoned', 'I', 'm', 'down', 'the', 'hole', 'again', 'hole', 'again', 'It', 's', 'automatic', 'Mama', 'says', 'I', 'should', 'get', 'a', 'date', 'lose', 'weight', 'Fuckin', 'fantasticYou', 'might', 'also', 'like11Embed']"
Say It,Skin,sometimes,3,"['38', 'ContributorsSay', 'It', 'Lyrics', 'Verse', '1', 'Tove', 'Lo', 'Feelin', 'the', 'song', 'party', 'done', 'shadows', 'walkin', 'home', 'Walkin', 'with', 'our', 'game', 'on', 'You', 'are', 'my', 'kind', 'classic', 'mind', 'and', 'you', 'look', 'so', 'fine', 'Mmm', 'mmm', 'mmm', 'mmm', 'Lovin', 'the', 'cold', 'smoke', 'a', 'roll', 'see', 'your', 'fingers', 'shake', 'I', 'm', 'gettin', 'through', 'your', 'heart', 'break', 'Some', 'kinda', 'freak', 'sing', 'for', 'me', 'don', 't', 'know', 'what', 'I', 'need', 'Mmm', 'mmm', 'mmm', 'mmm', 'Pre', 'Chorus', 'Tove', 'Lo', 'Don', 't', 'doubt', 'me', 'babe', 'You', 'make', 'me', 'wanna', 'change', 'Break', 'my', 'bed', 'to', 'make', 'me', 'wanna', 'stay', 'I', 'can', 't', 'Bite', 'me', 'babe', 'You', 'make', 'me', 'love', 'the', 'pain', 'Break', 'my', 'bed', 'to', 'make', 'me', 'wanna', 'stay', 'I', 'can', 't', 'Chorus', 'Tove', 'Lo', 'When', 'you', 'say', 'it', 'like', 'that', 'Oh', 'oh', 'oh', 'oh', 'Got', 'me', 'fallin', 'right', 'back', 'Oh', 'oh', 'oh', 'oh', 'Mmm', 'mmm', 'mmm', 'mmm', 'When', 'you', 'say', 'it', 'like', 'that', 'Oh', 'oh', 'oh', 'oh', 'Let', 'me', 'fuck', 'you', 'right', 'back', 'Oh', 'oh', 'oh', 'oh', 'Mmm', 'mmm', 'mmm', 'mmm', 'You', 'might', 'also', 'like', 'Verse', '2', 'Tove', 'Lo', 'I', 'm', 'gettin', 'the', 'door', 'silent', 'walk', 'who', 's', 'the', 'first', 'to', 'speak', 'Speak', 'it', 'like', 'a', 'real', 'freak', 'Voice', 'in', 'my', 'head', 'in', 'my', 'bed', 'filled', 'with', 'you', 'instead', 'Mmm', 'mmm', 'mmm', 'mmm', 'Takin', 'your', 'time', 'work', 'my', 'mind', 'and', 'I', 'play', 'with', 'you', 'I', 'play', 'pretend', 'it', 's', 'so', 'true', 'Follow', 'me', 'down', 'listen', 'round', 'to', 'the', 'deep', 'dark', 'sound', 'Mmm', 'mmm', 'mmm', 'mmm', 'Pre', 'Chorus', 'Tove', 'Lo', 'Don', 't', 'doubt', 'me', 'babe', 'You', 'make', 'me', 'wanna', 'change', 'Break', 'my', 'bed', 'to', 'make', 'me', 'wanna', 'stay', 'I', 'can', 't', 'Bite', 'me', 'babe', 'You', 'make', 'me', 'love', 'the', 'pain', 'Break', 'my', 'bed', 'to', 'make', 'me', 'wanna', 'stay', 'I', 'can', 't', 'Chorus', 'Tove', 'Lo', 'When', 'you', 'say', 'it', 'like', 'that', 'Oh', 'oh', 'oh', 'oh', 'Got', 'me', 'fallin', 'right', 'back', 'Oh', 'oh', 'oh', 'oh', 'Mmm', 'mmm', 'mmm', 'mmm', 'When', 'you', 'say', 'it', 'like', 'that', 'Oh', 'oh', 'oh', 'oh', 'Let', 'me', 'fuck', 'you', 'right', 'back', 'Oh', 'oh', 'oh', 'oh', 'Mmm', 'mmm', 'mmm', 'mmm', 'Bridge', 'Instrumental', 'Oh', 'oh', 'oh', 'oh', 'Oh', 'oh', 'oh', 'oh', 'Oh', 'oh', 'oh', 'oh', 'Oh', 'oh', 'oh', 'oh', 'When', 'you', 'say', 'it', 'like', 'that', 'Oh', 'oh', 'oh', 'oh', 'Pre', 'Chorus', 'Tove', 'Lo', 'Don', 't', 'doubt', 'me', 'babe', 'You', 'make', 'me', 'wanna', 'change', 'Break', 'my', 'bed', 'to', 'make', 'me', 'wanna', 'stay', 'I', 'can', 't', 'Bite', 'me', 'babe', 'You', 'make', 'me', 'love', 'the', 'pain', 'Break', 'my', 'bed', 'to', 'make', 'me', 'wanna', 'stay', 'I', 'can', 't', 'Chorus', 'Tove', 'Lo', 'When', 'you', 'say', 'it', 'like', 'that', 'Oh', 'oh', 'oh', 'oh', 'Got', 'me', 'falling', 'right', 'back', 'Oh', 'oh', 'oh', 'oh', 'Mmm', 'mmm', 'mmm', 'mmm', 'When', 'you', 'say', 'it', 'like', 'that', 'Oh', 'oh', 'oh', 'oh', 'Let', 'me', 'fuck', 'you', 'right', 'back', 'Oh', 'oh', 'oh', 'oh', 'Mmm', 'mmm', 'mmm', 'mmm', '30Embed']"
3,Skin,seattle,4,
Fantastic,Skin Companion EP II,fresh,4,"['35', 'ContributorsFantastic', 'Lyrics', 'Verse', '1', 'Dave', 'Glass', 'Animals', 'Life', 'is', 'wrapped', 'up', 'in', 'plastics', 'plastics', 'Fuckin', 'fantastic', 'Television', 'show', 'a', 'sitcom', 'classic', 'Fuzzy', 'screen', 'static', 'Bad', 'milk', 'got', 'my', 'Raisin', 'Bran', 'tasting', 'bad', 'Getting', 'fibre', 'tastic', 'Say', 'you', 'll', 'go', 'say', 'you', 're', 'someone', 'imagined', 'Life', 's', 'lookin', 'tragic', 'Instrumental', 'Break', 'Verse', '2', 'Dave', 'Glass', 'Animals', 'Think', 'Finn', 'is', 'the', 'raddest', 'Jake', 'is', 'past', 'it', 'Little', 'yellow', 'bastard', 'Mum', 'again', 'nother', 'boyfriend', 'number', 'ten', 'What', 'a', 'romantic', 'Take', 'a', 'bath', 'it', 's', 'relaxing', 'hands', 'crack', 'Heart', 'is', 'full', 'on', 'acid', 'Jenny', 'bitchin', 'bout', 'her', 'ex', 'again', 'making', 'me', 'Melodramatics', 'Instrumental', 'Break', 'Verse', '3', 'Dave', 'Glass', 'Animals', 'Need', 'a', 'hit', 'need', 'to', 'sip', 'need', 'to', 'get', 'away', 'Intergalactic', 'Warmth', 'fast', 'be', 'escaping', 'me', 'escaping', 'me', 'Life', 'in', 'the', 'attic', 'Once', 'stoned', 'I', 'm', 'down', 'the', 'hole', 'again', 'hole', 'again', 'It', 's', 'automatic', 'Mama', 'says', 'I', 'should', 'get', 'a', 'date', 'lose', 'weight', 'Fuckin', 'fantasticYou', 'might', 'also', 'like11Embed']"
Say It,Skin,sometimes,3,"['38', 'ContributorsSay', 'It', 'Lyrics', 'Verse', '1', 'Tove', 'Lo', 'Feelin', 'the', 'song', 'party', 'done', 'shadows', 'walkin', 'home', 'Walkin', 'with', 'our', 'game', 'on', 'You', 'are', 'my', 'kind', 'classic', 'mind', 'and', 'you', 'look', 'so', 'fine', 'Mmm', 'mmm', 'mmm', 'mmm', 'Lovin', 'the', 'cold', 'smoke', 'a', 'roll', 'see', 'your', 'fingers', 'shake', 'I', 'm', 'gettin', 'through', 'your', 'heart', 'break', 'Some', 'kinda', 'freak', 'sing', 'for', 'me', 'don', 't', 'know', 'what', 'I', 'need', 'Mmm', 'mmm', 'mmm', 'mmm', 'Pre', 'Chorus', 'Tove', 'Lo', 'Don', 't', 'doubt', 'me', 'babe', 'You', 'make', 'me', 'wanna', 'change', 'Break', 'my', 'bed', 'to', 'make', 'me', 'wanna', 'stay', 'I', 'can', 't', 'Bite', 'me', 'babe', 'You', 'make', 'me', 'love', 'the', 'pain', 'Break', 'my', 'bed', 'to', 'make', 'me', 'wanna', 'stay', 'I', 'can', 't', 'Chorus', 'Tove', 'Lo', 'When', 'you', 'say', 'it', 'like', 'that', 'Oh', 'oh', 'oh', 'oh', 'Got', 'me', 'fallin', 'right', 'back', 'Oh', 'oh', 'oh', 'oh', 'Mmm', 'mmm', 'mmm', 'mmm', 'When', 'you', 'say', 'it', 'like', 'that', 'Oh', 'oh', 'oh', 'oh', 'Let', 'me', 'fuck', 'you', 'right', 'back', 'Oh', 'oh', 'oh', 'oh', 'Mmm', 'mmm', 'mmm', 'mmm', 'You', 'might', 'also', 'like', 'Verse', '2', 'Tove', 'Lo', 'I', 'm', 'gettin', 'the', 'door', 'silent', 'walk', 'who', 's', 'the', 'first', 'to', 'speak', 'Speak', 'it', 'like', 'a', 'real', 'freak', 'Voice', 'in', 'my', 'head', 'in', 'my', 'bed', 'filled', 'with', 'you', 'instead', 'Mmm', 'mmm', 'mmm', 'mmm', 'Takin', 'your', 'time', 'work', 'my', 'mind', 'and', 'I', 'play', 'with', 'you', 'I', 'play', 'pretend', 'it', 's', 'so', 'true', 'Follow', 'me', 'down', 'listen', 'round', 'to', 'the', 'deep', 'dark', 'sound', 'Mmm', 'mmm', 'mmm', 'mmm', 'Pre', 'Chorus', 'Tove', 'Lo', 'Don', 't', 'doubt', 'me', 'babe', 'You', 'make', 'me', 'wanna', 'change', 'Break', 'my', 'bed', 'to', 'make', 'me', 'wanna', 'stay', 'I', 'can', 't', 'Bite', 'me', 'babe', 'You', 'make', 'me', 'love', 'the', 'pain', 'Break', 'my', 'bed', 'to', 'make', 'me', 'wanna', 'stay', 'I', 'can', 't', 'Chorus', 'Tove', 'Lo', 'When', 'you', 'say', 'it', 'like', 'that', 'Oh', 'oh', 'oh', 'oh', 'Got', 'me', 'fallin', 'right', 'back', 'Oh', 'oh', 'oh', 'oh', 'Mmm', 'mmm', 'mmm', 'mmm', 'When', 'you', 'say', 'it', 'like', 'that', 'Oh', 'oh', 'oh', 'oh', 'Let', 'me', 'fuck', 'you', 'right', 'back', 'Oh', 'oh', 'oh', 'oh', 'Mmm', 'mmm', 'mmm', 'mmm', 'Bridge', 'Instrumental', 'Oh', 'oh', 'oh', 'oh', 'Oh', 'oh', 'oh', 'oh', 'Oh', 'oh', 'oh', 'oh', 'Oh', 'oh', 'oh', 'oh', 'When', 'you', 'say', 'it', 'like', 'that', 'Oh', 'oh', 'oh', 'oh', 'Pre', 'Chorus', 'Tove', 'Lo', 'Don', 't', 'doubt', 'me', 'babe', 'You', 'make', 'me', 'wanna', 'change', 'Break', 'my', 'bed', 'to', 'make', 'me', 'wanna', 'stay', 'I', 'can', 't', 'Bite', 'me', 'babe', 'You', 'make', 'me', 'love', 'the', 'pain', 'Break', 'my', 'bed', 'to', 'make', 'me', 'wanna', 'stay', 'I', 'can', 't', 'Chorus', 'Tove', 'Lo', 'When', 'you', 'say', 'it', 'like', 'that', 'Oh', 'oh', 'oh', 'oh', 'Got', 'me', 'falling', 'right', 'back', 'Oh', 'oh', 'oh', 'oh', 'Mmm', 'mmm', 'mmm', 'mmm', 'When', 'you', 'say', 'it', 'like', 'that', 'Oh', 'oh', 'oh', 'oh', 'Let', 'me', 'fuck', 'you', 'right', 'back', 'Oh', 'oh', 'oh', 'oh', 'Mmm', 'mmm', 'mmm', 'mmm', '30Embed']"
